model,accuracy,precision,recall,f1_score,roc_auc,approach
Logistic Regression,0.8044692737430168,0.7931034482758621,0.6666666666666666,0.7244094488188977,0.844532279314888,Baseline
Decision Tree,0.8268156424581006,0.8064516129032258,0.7246376811594203,0.7633587786259542,0.8054018445322793,Baseline
Random Forest,0.8212290502793296,0.8135593220338984,0.6956521739130435,0.75,0.8272068511198946,Baseline
Logistic Regression - Balanced,0.8044692737430168,0.7297297297297297,0.782608695652174,0.7552447552447552,0.8474308300395257,Class Weight Balanced
Decision Tree - Balanced,0.7932960893854749,0.7424242424242424,0.7101449275362319,0.725925925925926,0.7808959156785245,Class Weight Balanced
Random Forest - Balanced,0.8100558659217877,0.7692307692307693,0.7246376811594203,0.746268656716418,0.8337285902503293,Class Weight Balanced
Logistic Regression - SMOTE,0.8100558659217877,0.7397260273972602,0.782608695652174,0.7605633802816901,0.841897233201581,SMOTE
Decision Tree - SMOTE,0.7932960893854749,0.7162162162162162,0.7681159420289855,0.7412587412587412,0.7913702239789197,SMOTE
Random Forest - SMOTE,0.8156424581005587,0.7727272727272727,0.7391304347826086,0.7555555555555555,0.8287220026350463,SMOTE
