predicted_fare,residual,predicted_quartile
38.43446705881127,-23.188667058811273,"(30.197, 66.717]"
29.711146473120987,-19.211146473120987,"(2.55, 30.197]"
-2.8776377499027745,10.802637749902775,"(-4.338, 2.55]"
47.72615284253078,-14.72615284253078,"(30.197, 66.717]"
29.879057183290197,-18.6373571832902,"(2.55, 30.197]"
68.8431642490365,10.00683575096349,"(66.717, 123.954]"
9.255337902173284,-1.5053379021732844,"(2.55, 30.197]"
9.273612515084473,8.726387484915527,"(2.55, 30.197]"
9.984865113033138,-2.2348651130331376,"(2.55, 30.197]"
91.11797660545103,-64.83467660545104,"(66.717, 123.954]"
68.55793763135333,-15.457937631353325,"(66.717, 123.954]"
-4.336692171622481,12.386692171622482,"(-4.338, 2.55]"
26.94085243013032,-1.4741524301303208,"(2.55, 30.197]"
17.381786366381462,-10.156786366381462,"(2.55, 30.197]"
29.40717680192938,-16.40717680192938,"(2.55, 30.197]"
80.37573099979286,-40.975730999792866,"(66.717, 123.954]"
72.30639611172478,-19.75219611172478,"(66.717, 123.954]"
9.255337902173284,-1.4261379021732843,"(2.55, 30.197]"
29.95432221007427,-16.95432221007427,"(2.55, 30.197]"
61.99596102495314,-9.99596102495314,"(30.197, 66.717]"
-3.1208134868560578,11.016613486856059,"(-4.338, 2.55]"
66.83871032161436,-40.28871032161436,"(66.717, 123.954]"
8.70772405343115,-0.8535240534311503,"(2.55, 30.197]"
-2.8776377499027745,12.102637749902774,"(-4.338, 2.55]"
-3.363989223809341,17.86398922380934,"(-4.338, 2.55]"
37.441668201277665,-9.541668201277666,"(30.197, 66.717]"
83.28888202328883,-55.56808202328884,"(66.717, 123.954]"
33.76357462468403,-20.763574624684033,"(30.197, 66.717]"
37.80643180670759,-9.906431806707594,"(30.197, 66.717]"
-2.028268573008731,9.88246857300873,"(-4.338, 2.55]"
-2.8168438156644484,10.71264381566445,"(-4.338, 2.55]"
2.5713049866992037,5.178695013300796,"(2.55, 30.197]"
84.01840923414869,-53.32260923414869,"(66.717, 123.954]"
-1.8458867702937667,9.395886770293767,"(-4.338, 2.55]"
1.2963782701369126,6.753621729863088,"(-4.338, 2.55]"
23.518205433113405,-9.064005433113405,"(2.55, 30.197]"
67.20347392704429,-31.703473927044286,"(66.717, 123.954]"
9.255337902173284,-1.5053379021732844,"(2.55, 30.197]"
89.46735197075066,-58.467351970750656,"(66.717, 123.954]"
-3.363989223809341,11.259789223809342,"(-4.338, 2.55]"
42.22716034353816,31.27283965646184,"(30.197, 66.717]"
2.529254105969322,4.516545894030678,"(-4.338, 2.55]"
-3.363989223809341,11.413989223809342,"(-4.338, 2.55]"
3.6848072970946646,4.065192702905335,"(2.55, 30.197]"
28.912607214695363,-14.458407214695363,"(2.55, 30.197]"
36.09345747618692,-1.71845747618692,"(30.197, 66.717]"
-2.8168438156644484,10.975143815664449,"(-4.338, 2.55]"
-3.0600195526177387,12.285019552617738,"(-4.338, 2.55]"
-3.1208134868560578,10.170813486856058,"(-4.338, 2.55]"
104.04384602374535,9.23115397625466,"(66.717, 123.954]"
47.304867263825216,-28.046567263825217,"(30.197, 66.717]"
84.14118663123028,9.358813368769717,"(66.717, 123.954]"
45.559030462840354,-17.659030462840356,"(30.197, 66.717]"
96.04026288985901,23.959737110140992,"(66.717, 123.954]"
1.4354317302767825,6.3145682697232175,"(-4.338, 2.55]"
91.17877053968935,-11.528770539689347,"(66.717, 123.954]"
29.650352538882665,-19.150352538882665,"(2.55, 30.197]"
99.17610069435739,148.34469930564262,"(66.717, 123.954]"
35.038501341246324,-14.038501341246324,"(30.197, 66.717]"
9.802483310318177,-1.923283310318177,"(2.55, 30.197]"
-2.9384316841410936,10.713431684141094,"(-4.338, 2.55]"
47.30059530286253,-27.800595302862533,"(30.197, 66.717]"
41.41809614493155,-15.418096144931553,"(30.197, 66.717]"
63.151045775481236,-37.22604577548124,"(30.197, 66.717]"
3.6848072970946646,4.065192702905335,"(2.55, 30.197]"
29.648606636440213,-19.148606636440213,"(2.55, 30.197]"
30.319085815504195,43.180914184495805,"(30.197, 66.717]"
-3.424783158047667,11.299783158047667,"(-4.338, 2.55]"
35.05077218386976,-27.821572183869762,"(30.197, 66.717]"
94.08392268152458,-15.817222681524584,"(66.717, 123.954]"
48.4118832702183,-22.411883270218297,"(30.197, 66.717]"
123.95420852639077,138.42079147360923,"(66.717, 123.954]"
88.19242525418838,-58.19242525418838,"(66.717, 123.954]"
105.79887123499591,-22.640571234995917,"(66.717, 123.954]"
-3.0600195526177387,10.914219552617737,"(-4.338, 2.55]"
2.1036965663010747,13.446303433698926,"(-4.338, 2.55]"
5.050924915014434,2.699075084985566,"(2.55, 30.197]"
111.80295826140352,-62.30295826140352,"(66.717, 123.954]"
30.803691386968314,-17.803691386968314,"(30.197, 66.717]"
19.213046901354343,0.999453098645656,"(2.55, 30.197]"
32.10631445149158,7.581185548508422,"(30.197, 66.717]"
35.40326494667625,-24.903264946676252,"(30.197, 66.717]"
105.73807730075757,28.761922699242433,"(66.717, 123.954]"
3.6848072970946646,4.052692702905335,"(2.55, 30.197]"
82.3161790754757,-51.620379075475704,"(66.717, 123.954]"
81.40427006190089,-31.90007006190089,"(66.717, 123.954]"
95.36059530052933,17.91440469947068,"(66.717, 123.954]"
89.46735197075066,-32.538151970750654,"(66.717, 123.954]"
62.543106433098025,-62.543106433098025,"(30.197, 66.717]"
-3.363989223809341,10.613989223809341,"(-4.338, 2.55]"
23.692778495028087,-3.167778495028088,"(2.55, 30.197]"
44.97460185304854,-13.699601853048541,"(30.197, 66.717]"
61.144845945616645,-28.824045945616646,"(30.197, 66.717]"
3.6848072970946646,4.044392702905335,"(2.55, 30.197]"
-3.363989223809341,11.259789223809342,"(-4.338, 2.55]"
-3.363989223809341,11.21818922380934,"(-4.338, 2.55]"
71.94163250629484,-19.941632506294837,"(66.717, 123.954]"
-0.34505795429775077,8.395057954297751,"(-4.338, 2.55]"
34.977707407008005,-21.977707407008005,"(30.197, 66.717]"
-3.303195289571022,11.198995289571023,"(-4.338, 2.55]"
60.96246414290168,-34.96246414290168,"(30.197, 66.717]"
-3.7895467634775883,10.914546763477588,"(-4.338, 2.55]"
96.09012251138918,-5.010922511389182,"(66.717, 123.954]"
-3.9719285661925525,11.021928566192553,"(-4.338, 2.55]"
-3.5159740594051456,11.565974059405146,"(-4.338, 2.55]"
2.772429842922598,5.002570157077402,"(2.55, 30.197]"
51.613196342444844,-12.613196342444844,"(30.197, 66.717]"
61.99596102495314,-23.49596102495314,"(30.197, 66.717]"
0.566851059277063,8.933148940722937,"(-4.338, 2.55]"
87.34131017485188,-56.341310174851884,"(66.717, 123.954]"
74.67561364457684,-22.675613644576842,"(66.717, 123.954]"
-2.908034717021934,10.158034717021934,"(-4.338, 2.55]"
95.54297710324428,-6.438777103244277,"(66.717, 123.954]"
66.7171224531377,-40.4296224531377,"(30.197, 66.717]"
63.151045775481236,158.62815422451877,"(30.197, 66.717]"
-2.8776377499027745,12.723437749902775,"(-4.338, 2.55]"
81.40427006190089,-46.750070061900885,"(66.717, 123.954]"
50.27454026059683,-37.39954026059683,"(30.197, 66.717]"
52.70748715873462,-23.707487158734622,"(30.197, 66.717]"
35.66615403407622,-1.2911540340762215,"(30.197, 66.717]"
53.03019988343466,-41.53019988343466,"(30.197, 66.717]"
89.34576410227402,-13.054064102274012,"(66.717, 123.954]"
72.5478259462356,5.410474053764389,"(66.717, 123.954]"
57.446982437400465,-28.446982437400465,"(30.197, 66.717]"
-3.1816074210943768,10.431607421094377,"(-4.338, 2.55]"
87.64527984604348,-61.09527984604348,"(66.717, 123.954]"
67.44490376155511,-41.51570376155511,"(66.717, 123.954]"
84.26158497110197,-5.061584971101965,"(66.717, 123.954]"
24.975513952390656,-10.517213952390657,"(2.55, 30.197]"
-2.9384316841410936,10.988431684141094,"(-4.338, 2.55]"
9.255337902173284,-1.3761379021732845,"(2.55, 30.197]"
38.43446705881127,-23.188667058811273,"(30.197, 66.717]"
29.893528275835948,-29.893528275835948,"(2.55, 30.197]"
3.6048018687506627,8.870198131249337,"(2.55, 30.197]"
92.74820203072397,-35.81900203072397,"(66.717, 123.954]"
29.818263249051878,-15.364063249051878,"(2.55, 30.197]"
89.58893983922731,21.294360160772698,"(66.717, 123.954]"
-3.424783158047667,11.199783158047667,"(-4.338, 2.55]"
-4.215104303145836,11.765104303145836,"(-4.338, 2.55]"
4.716089836106427,13.083910163893574,"(2.55, 30.197]"
-2.9384316841410936,11.371731684141093,"(-4.338, 2.55]"
36.39296504555537,-10.392965045555371,"(30.197, 66.717]"
29.893528275835948,-16.893528275835948,"(2.55, 30.197]"
35.300420131708044,-9.300420131708044,"(30.197, 66.717]"
59.15731351585443,-30.032313515854433,"(30.197, 66.717]"
51.977959947874766,-19.477959947874766,"(30.197, 66.717]"
29.77194040735931,-16.77194040735931,"(2.55, 30.197]"
27.58335877477975,-17.08335877477975,"(2.55, 30.197]"
95.54297710324428,50.977822896755725,"(66.717, 123.954]"
-4.275898237384162,12.325898237384163,"(-4.338, 2.55]"
17.5033742348581,-8.7908742348581,"(2.55, 30.197]"
-3.1208134868560578,10.616613486856057,"(-4.338, 2.55]"
-2.7560498814261294,10.55184988142613,"(-4.338, 2.55]"
15.209375166190267,8.940624833809732,"(2.55, 30.197]"
-3.363989223809341,11.413989223809342,"(-4.338, 2.55]"
-3.363989223809341,10.413989223809342,"(-4.338, 2.55]"
0.6884389277537011,55.8073610722463,"(-4.338, 2.55]"
9.255337902173284,-1.4678379021732848,"(2.55, 30.197]"
40.93174467102499,-14.931744671024987,"(30.197, 66.717]"
21.838398686047082,-6.338398686047082,"(2.55, 30.197]"
17.776946938930546,-10.547746938930548,"(2.55, 30.197]"
67.20347392704429,-40.65347392704429,"(66.717, 123.954]"
29.224794999214417,-16.224794999214417,"(2.55, 30.197]"
95.54297710324428,-13.372177103244283,"(66.717, 123.954]"
3.6848072970946646,4.773492702905335,"(2.55, 30.197]"
92.69366107570394,-30.714461075703944,"(66.717, 123.954]"
30.197497947027557,-19.697497947027557,"(2.55, 30.197]"
74.67561364457684,-22.813113644576845,"(66.717, 123.954]"
-2.9992256183794197,10.895025618379421,"(-4.338, 2.55]"
-3.7895467634775883,10.839546763477589,"(-4.338, 2.55]"
99.29943446527648,-35.94113446527648,"(66.717, 123.954]"
57.921253040044064,-44.921253040044064,"(30.197, 66.717]"
66.7171224531377,-40.3296224531377,"(30.197, 66.717]"
37.0552261112919,-21.809426111291902,"(30.197, 66.717]"
-2.6952559471878104,9.82025594718781,"(-4.338, 2.55]"
17.5033742348581,-10.2783742348581,"(2.55, 30.197]"
62.17577634476877,-30.78827634476877,"(30.197, 66.717]"
36.1327921575361,-25.6327921575361,"(30.197, 66.717]"
20.544260475379104,-3.844260475379105,"(2.55, 30.197]"
